[
    {
      "question": "Questão 1: Como a Hepatite A é transmitida?",
      "options": [
        "Pelo ar",
        "Pelo contato com sangue",
        "Por água ou alimentos contaminados",
        "Por picada de inseto"
      ],
      "answer": 2
    },

    {
      "question": "Questão 2: Qual órgão é afetado pela Hepatite A?",
      "options": ["Coração", "Fígado", "Pulmões", "Estômago"],
      "answer": 1
    },

    {
      "question": "Questão 3: Existe vacina contra a Hepatite A?",
      "options": ["Sim", "Não"],
      "answer": 0
    },

    {
      "question": "Questão 4: Qual é o principal sintoma da Hepatite A?",
      "options": ["Dor no peito", "Pele amarelada (icterícia)", "Tosse", "Febre com manchas vermelhas"],
      "answer": 1
    },

    {
      "question": "Questão 5: Podemos afirmar que a hepatite A é considerada um vírus de RNA de fita simples positiva?",
      "options": ["sim", "não"],
      "answer": 0
    },

    {
      "question": "Questão 6: De acordo com a replicação do vírus da hepatite A, pode-se afirmar que ela ocorre no baço?",
      "options": ["sim", "não"],
      "answer": 1
    },

    {
      "question": "Questão 7: A hepatite A é caracterizada por ser uma doença crônica?",
      "options": ["sim", "não"],
      "answer": 1
    },

    {
      "question": "Questão 8: Quem teve Hepatite A fica imune após o primeiro contato?",
      "options": ["sim", "não"],
      "answer": 0
    },

    {
      "question": "Questão 9: Qual é o principal sintoma da Hepatite A?",
      "options": ["sim", "não"],
      "answer": 0
    },

    {
      "question": "Questão 10: O Cid que é referente a Doença das Hepatites Virais é o B18? ",
      "options": ["sim", "não"],
      "answer": 1
    }
  ]

  